dni,nombre,apellido,fuerza,provincia
300000,FuerzaAerea_Nombre_0,FuerzaAerea_Apellido_0,FuerzaAerea,Córdoba
300001,FuerzaAerea_Nombre_1,FuerzaAerea_Apellido_1,FuerzaAerea,Buenos Aires
300002,FuerzaAerea_Nombre_2,FuerzaAerea_Apellido_2,FuerzaAerea,Córdoba
300003,FuerzaAerea_Nombre_3,FuerzaAerea_Apellido_3,FuerzaAerea,Buenos Aires
300004,FuerzaAerea_Nombre_4,FuerzaAerea_Apellido_4,FuerzaAerea,Córdoba
300005,FuerzaAerea_Nombre_5,FuerzaAerea_Apellido_5,FuerzaAerea,Buenos Aires
300006,FuerzaAerea_Nombre_6,FuerzaAerea_Apellido_6,FuerzaAerea,Córdoba
300007,FuerzaAerea_Nombre_7,FuerzaAerea_Apellido_7,FuerzaAerea,Buenos Aires
300008,FuerzaAerea_Nombre_8,FuerzaAerea_Apellido_8,FuerzaAerea,Córdoba
300009,FuerzaAerea_Nombre_9,FuerzaAerea_Apellido_9,FuerzaAerea,Buenos Aires
300010,FuerzaAerea_Nombre_10,FuerzaAerea_Apellido_10,FuerzaAerea,Córdoba
300011,FuerzaAerea_Nombre_11,FuerzaAerea_Apellido_11,FuerzaAerea,Buenos Aires
300012,FuerzaAerea_Nombre_12,FuerzaAerea_Apellido_12,FuerzaAerea,Córdoba
300013,FuerzaAerea_Nombre_13,FuerzaAerea_Apellido_13,FuerzaAerea,Buenos Aires
300014,FuerzaAerea_Nombre_14,FuerzaAerea_Apellido_14,FuerzaAerea,Córdoba
300015,FuerzaAerea_Nombre_15,FuerzaAerea_Apellido_15,FuerzaAerea,Buenos Aires
300016,FuerzaAerea_Nombre_16,FuerzaAerea_Apellido_16,FuerzaAerea,Córdoba
300017,FuerzaAerea_Nombre_17,FuerzaAerea_Apellido_17,FuerzaAerea,Buenos Aires
300018,FuerzaAerea_Nombre_18,FuerzaAerea_Apellido_18,FuerzaAerea,Córdoba
300019,FuerzaAerea_Nombre_19,FuerzaAerea_Apellido_19,FuerzaAerea,Buenos Aires
300020,FuerzaAerea_Nombre_20,FuerzaAerea_Apellido_20,FuerzaAerea,Córdoba
300021,FuerzaAerea_Nombre_21,FuerzaAerea_Apellido_21,FuerzaAerea,Buenos Aires
300022,FuerzaAerea_Nombre_22,FuerzaAerea_Apellido_22,FuerzaAerea,Córdoba
300023,FuerzaAerea_Nombre_23,FuerzaAerea_Apellido_23,FuerzaAerea,Buenos Aires
300024,FuerzaAerea_Nombre_24,FuerzaAerea_Apellido_24,FuerzaAerea,Córdoba
300025,FuerzaAerea_Nombre_25,FuerzaAerea_Apellido_25,FuerzaAerea,Buenos Aires
300026,FuerzaAerea_Nombre_26,FuerzaAerea_Apellido_26,FuerzaAerea,Córdoba
300027,FuerzaAerea_Nombre_27,FuerzaAerea_Apellido_27,FuerzaAerea,Buenos Aires
300028,FuerzaAerea_Nombre_28,FuerzaAerea_Apellido_28,FuerzaAerea,Córdoba
300029,FuerzaAerea_Nombre_29,FuerzaAerea_Apellido_29,FuerzaAerea,Buenos Aires
300030,FuerzaAerea_Nombre_30,FuerzaAerea_Apellido_30,FuerzaAerea,Córdoba
300031,FuerzaAerea_Nombre_31,FuerzaAerea_Apellido_31,FuerzaAerea,Buenos Aires
300032,FuerzaAerea_Nombre_32,FuerzaAerea_Apellido_32,FuerzaAerea,Córdoba
300033,FuerzaAerea_Nombre_33,FuerzaAerea_Apellido_33,FuerzaAerea,Buenos Aires
300034,FuerzaAerea_Nombre_34,FuerzaAerea_Apellido_34,FuerzaAerea,Córdoba
300035,FuerzaAerea_Nombre_35,FuerzaAerea_Apellido_35,FuerzaAerea,Buenos Aires
300036,FuerzaAerea_Nombre_36,FuerzaAerea_Apellido_36,FuerzaAerea,Córdoba
300037,FuerzaAerea_Nombre_37,FuerzaAerea_Apellido_37,FuerzaAerea,Buenos Aires
300038,FuerzaAerea_Nombre_38,FuerzaAerea_Apellido_38,FuerzaAerea,Córdoba
300039,FuerzaAerea_Nombre_39,FuerzaAerea_Apellido_39,FuerzaAerea,Buenos Aires
300040,FuerzaAerea_Nombre_40,FuerzaAerea_Apellido_40,FuerzaAerea,Córdoba
300041,FuerzaAerea_Nombre_41,FuerzaAerea_Apellido_41,FuerzaAerea,Buenos Aires
300042,FuerzaAerea_Nombre_42,FuerzaAerea_Apellido_42,FuerzaAerea,Córdoba
300043,FuerzaAerea_Nombre_43,FuerzaAerea_Apellido_43,FuerzaAerea,Buenos Aires
300044,FuerzaAerea_Nombre_44,FuerzaAerea_Apellido_44,FuerzaAerea,Córdoba
300045,FuerzaAerea_Nombre_45,FuerzaAerea_Apellido_45,FuerzaAerea,Buenos Aires
300046,FuerzaAerea_Nombre_46,FuerzaAerea_Apellido_46,FuerzaAerea,Córdoba
300047,FuerzaAerea_Nombre_47,FuerzaAerea_Apellido_47,FuerzaAerea,Buenos Aires
300048,FuerzaAerea_Nombre_48,FuerzaAerea_Apellido_48,FuerzaAerea,Córdoba
300049,FuerzaAerea_Nombre_49,FuerzaAerea_Apellido_49,FuerzaAerea,Buenos Aires
300050,FuerzaAerea_Nombre_50,FuerzaAerea_Apellido_50,FuerzaAerea,Córdoba
300051,FuerzaAerea_Nombre_51,FuerzaAerea_Apellido_51,FuerzaAerea,Buenos Aires
300052,FuerzaAerea_Nombre_52,FuerzaAerea_Apellido_52,FuerzaAerea,Córdoba
300053,FuerzaAerea_Nombre_53,FuerzaAerea_Apellido_53,FuerzaAerea,Buenos Aires
300054,FuerzaAerea_Nombre_54,FuerzaAerea_Apellido_54,FuerzaAerea,Córdoba
300055,FuerzaAerea_Nombre_55,FuerzaAerea_Apellido_55,FuerzaAerea,Buenos Aires
300056,FuerzaAerea_Nombre_56,FuerzaAerea_Apellido_56,FuerzaAerea,Córdoba
300057,FuerzaAerea_Nombre_57,FuerzaAerea_Apellido_57,FuerzaAerea,Buenos Aires
300058,FuerzaAerea_Nombre_58,FuerzaAerea_Apellido_58,FuerzaAerea,Córdoba
300059,FuerzaAerea_Nombre_59,FuerzaAerea_Apellido_59,FuerzaAerea,Buenos Aires
300060,FuerzaAerea_Nombre_60,FuerzaAerea_Apellido_60,FuerzaAerea,Córdoba
300061,FuerzaAerea_Nombre_61,FuerzaAerea_Apellido_61,FuerzaAerea,Buenos Aires
300062,FuerzaAerea_Nombre_62,FuerzaAerea_Apellido_62,FuerzaAerea,Córdoba
300063,FuerzaAerea_Nombre_63,FuerzaAerea_Apellido_63,FuerzaAerea,Buenos Aires
300064,FuerzaAerea_Nombre_64,FuerzaAerea_Apellido_64,FuerzaAerea,Córdoba
300065,FuerzaAerea_Nombre_65,FuerzaAerea_Apellido_65,FuerzaAerea,Buenos Aires
300066,FuerzaAerea_Nombre_66,FuerzaAerea_Apellido_66,FuerzaAerea,Córdoba
300067,FuerzaAerea_Nombre_67,FuerzaAerea_Apellido_67,FuerzaAerea,Buenos Aires
300068,FuerzaAerea_Nombre_68,FuerzaAerea_Apellido_68,FuerzaAerea,Córdoba
300069,FuerzaAerea_Nombre_69,FuerzaAerea_Apellido_69,FuerzaAerea,Buenos Aires
300070,FuerzaAerea_Nombre_70,FuerzaAerea_Apellido_70,FuerzaAerea,Córdoba
300071,FuerzaAerea_Nombre_71,FuerzaAerea_Apellido_71,FuerzaAerea,Buenos Aires
300072,FuerzaAerea_Nombre_72,FuerzaAerea_Apellido_72,FuerzaAerea,Córdoba
300073,FuerzaAerea_Nombre_73,FuerzaAerea_Apellido_73,FuerzaAerea,Buenos Aires
300074,FuerzaAerea_Nombre_74,FuerzaAerea_Apellido_74,FuerzaAerea,Córdoba
300075,FuerzaAerea_Nombre_75,FuerzaAerea_Apellido_75,FuerzaAerea,Buenos Aires
300076,FuerzaAerea_Nombre_76,FuerzaAerea_Apellido_76,FuerzaAerea,Córdoba
300077,FuerzaAerea_Nombre_77,FuerzaAerea_Apellido_77,FuerzaAerea,Buenos Aires
300078,FuerzaAerea_Nombre_78,FuerzaAerea_Apellido_78,FuerzaAerea,Córdoba
300079,FuerzaAerea_Nombre_79,FuerzaAerea_Apellido_79,FuerzaAerea,Buenos Aires
300080,FuerzaAerea_Nombre_80,FuerzaAerea_Apellido_80,FuerzaAerea,Córdoba
300081,FuerzaAerea_Nombre_81,FuerzaAerea_Apellido_81,FuerzaAerea,Buenos Aires
300082,FuerzaAerea_Nombre_82,FuerzaAerea_Apellido_82,FuerzaAerea,Córdoba
300083,FuerzaAerea_Nombre_83,FuerzaAerea_Apellido_83,FuerzaAerea,Buenos Aires
300084,FuerzaAerea_Nombre_84,FuerzaAerea_Apellido_84,FuerzaAerea,Córdoba
300085,FuerzaAerea_Nombre_85,FuerzaAerea_Apellido_85,FuerzaAerea,Buenos Aires
300086,FuerzaAerea_Nombre_86,FuerzaAerea_Apellido_86,FuerzaAerea,Córdoba
300087,FuerzaAerea_Nombre_87,FuerzaAerea_Apellido_87,FuerzaAerea,Buenos Aires
300088,FuerzaAerea_Nombre_88,FuerzaAerea_Apellido_88,FuerzaAerea,Córdoba
300089,FuerzaAerea_Nombre_89,FuerzaAerea_Apellido_89,FuerzaAerea,Buenos Aires
300090,FuerzaAerea_Nombre_90,FuerzaAerea_Apellido_90,FuerzaAerea,Córdoba
300091,FuerzaAerea_Nombre_91,FuerzaAerea_Apellido_91,FuerzaAerea,Buenos Aires
300092,FuerzaAerea_Nombre_92,FuerzaAerea_Apellido_92,FuerzaAerea,Córdoba
300093,FuerzaAerea_Nombre_93,FuerzaAerea_Apellido_93,FuerzaAerea,Buenos Aires
300094,FuerzaAerea_Nombre_94,FuerzaAerea_Apellido_94,FuerzaAerea,Córdoba
300095,FuerzaAerea_Nombre_95,FuerzaAerea_Apellido_95,FuerzaAerea,Buenos Aires
300096,FuerzaAerea_Nombre_96,FuerzaAerea_Apellido_96,FuerzaAerea,Córdoba
300097,FuerzaAerea_Nombre_97,FuerzaAerea_Apellido_97,FuerzaAerea,Buenos Aires
300098,FuerzaAerea_Nombre_98,FuerzaAerea_Apellido_98,FuerzaAerea,Córdoba
300099,FuerzaAerea_Nombre_99,FuerzaAerea_Apellido_99,FuerzaAerea,Buenos Aires
300100,FuerzaAerea_Nombre_100,FuerzaAerea_Apellido_100,FuerzaAerea,Córdoba
300101,FuerzaAerea_Nombre_101,FuerzaAerea_Apellido_101,FuerzaAerea,Buenos Aires
300102,FuerzaAerea_Nombre_102,FuerzaAerea_Apellido_102,FuerzaAerea,Córdoba
300103,FuerzaAerea_Nombre_103,FuerzaAerea_Apellido_103,FuerzaAerea,Buenos Aires
300104,FuerzaAerea_Nombre_104,FuerzaAerea_Apellido_104,FuerzaAerea,Córdoba
300105,FuerzaAerea_Nombre_105,FuerzaAerea_Apellido_105,FuerzaAerea,Buenos Aires
300106,FuerzaAerea_Nombre_106,FuerzaAerea_Apellido_106,FuerzaAerea,Córdoba
300107,FuerzaAerea_Nombre_107,FuerzaAerea_Apellido_107,FuerzaAerea,Buenos Aires
300108,FuerzaAerea_Nombre_108,FuerzaAerea_Apellido_108,FuerzaAerea,Córdoba
300109,FuerzaAerea_Nombre_109,FuerzaAerea_Apellido_109,FuerzaAerea,Buenos Aires
300110,FuerzaAerea_Nombre_110,FuerzaAerea_Apellido_110,FuerzaAerea,Córdoba
300111,FuerzaAerea_Nombre_111,FuerzaAerea_Apellido_111,FuerzaAerea,Buenos Aires
300112,FuerzaAerea_Nombre_112,FuerzaAerea_Apellido_112,FuerzaAerea,Córdoba
300113,FuerzaAerea_Nombre_113,FuerzaAerea_Apellido_113,FuerzaAerea,Buenos Aires
300114,FuerzaAerea_Nombre_114,FuerzaAerea_Apellido_114,FuerzaAerea,Córdoba
300115,FuerzaAerea_Nombre_115,FuerzaAerea_Apellido_115,FuerzaAerea,Buenos Aires
300116,FuerzaAerea_Nombre_116,FuerzaAerea_Apellido_116,FuerzaAerea,Córdoba
300117,FuerzaAerea_Nombre_117,FuerzaAerea_Apellido_117,FuerzaAerea,Buenos Aires
300118,FuerzaAerea_Nombre_118,FuerzaAerea_Apellido_118,FuerzaAerea,Córdoba
300119,FuerzaAerea_Nombre_119,FuerzaAerea_Apellido_119,FuerzaAerea,Buenos Aires
300120,FuerzaAerea_Nombre_120,FuerzaAerea_Apellido_120,FuerzaAerea,Córdoba
300121,FuerzaAerea_Nombre_121,FuerzaAerea_Apellido_121,FuerzaAerea,Buenos Aires
300122,FuerzaAerea_Nombre_122,FuerzaAerea_Apellido_122,FuerzaAerea,Córdoba
300123,FuerzaAerea_Nombre_123,FuerzaAerea_Apellido_123,FuerzaAerea,Buenos Aires
300124,FuerzaAerea_Nombre_124,FuerzaAerea_Apellido_124,FuerzaAerea,Córdoba
300125,FuerzaAerea_Nombre_125,FuerzaAerea_Apellido_125,FuerzaAerea,Buenos Aires
300126,FuerzaAerea_Nombre_126,FuerzaAerea_Apellido_126,FuerzaAerea,Córdoba
300127,FuerzaAerea_Nombre_127,FuerzaAerea_Apellido_127,FuerzaAerea,Buenos Aires
300128,FuerzaAerea_Nombre_128,FuerzaAerea_Apellido_128,FuerzaAerea,Córdoba
300129,FuerzaAerea_Nombre_129,FuerzaAerea_Apellido_129,FuerzaAerea,Buenos Aires
300130,FuerzaAerea_Nombre_130,FuerzaAerea_Apellido_130,FuerzaAerea,Córdoba
300131,FuerzaAerea_Nombre_131,FuerzaAerea_Apellido_131,FuerzaAerea,Buenos Aires
300132,FuerzaAerea_Nombre_132,FuerzaAerea_Apellido_132,FuerzaAerea,Córdoba
300133,FuerzaAerea_Nombre_133,FuerzaAerea_Apellido_133,FuerzaAerea,Buenos Aires
300134,FuerzaAerea_Nombre_134,FuerzaAerea_Apellido_134,FuerzaAerea,Córdoba
300135,FuerzaAerea_Nombre_135,FuerzaAerea_Apellido_135,FuerzaAerea,Buenos Aires
300136,FuerzaAerea_Nombre_136,FuerzaAerea_Apellido_136,FuerzaAerea,Córdoba
300137,FuerzaAerea_Nombre_137,FuerzaAerea_Apellido_137,FuerzaAerea,Buenos Aires
300138,FuerzaAerea_Nombre_138,FuerzaAerea_Apellido_138,FuerzaAerea,Córdoba
300139,FuerzaAerea_Nombre_139,FuerzaAerea_Apellido_139,FuerzaAerea,Buenos Aires
300140,FuerzaAerea_Nombre_140,FuerzaAerea_Apellido_140,FuerzaAerea,Córdoba
300141,FuerzaAerea_Nombre_141,FuerzaAerea_Apellido_141,FuerzaAerea,Buenos Aires
300142,FuerzaAerea_Nombre_142,FuerzaAerea_Apellido_142,FuerzaAerea,Córdoba
300143,FuerzaAerea_Nombre_143,FuerzaAerea_Apellido_143,FuerzaAerea,Buenos Aires
300144,FuerzaAerea_Nombre_144,FuerzaAerea_Apellido_144,FuerzaAerea,Córdoba
300145,FuerzaAerea_Nombre_145,FuerzaAerea_Apellido_145,FuerzaAerea,Buenos Aires
300146,FuerzaAerea_Nombre_146,FuerzaAerea_Apellido_146,FuerzaAerea,Córdoba
300147,FuerzaAerea_Nombre_147,FuerzaAerea_Apellido_147,FuerzaAerea,Buenos Aires
300148,FuerzaAerea_Nombre_148,FuerzaAerea_Apellido_148,FuerzaAerea,Córdoba
300149,FuerzaAerea_Nombre_149,FuerzaAerea_Apellido_149,FuerzaAerea,Buenos Aires
300150,FuerzaAerea_Nombre_150,FuerzaAerea_Apellido_150,FuerzaAerea,Córdoba
300151,FuerzaAerea_Nombre_151,FuerzaAerea_Apellido_151,FuerzaAerea,Buenos Aires
300152,FuerzaAerea_Nombre_152,FuerzaAerea_Apellido_152,FuerzaAerea,Córdoba
300153,FuerzaAerea_Nombre_153,FuerzaAerea_Apellido_153,FuerzaAerea,Buenos Aires
300154,FuerzaAerea_Nombre_154,FuerzaAerea_Apellido_154,FuerzaAerea,Córdoba
300155,FuerzaAerea_Nombre_155,FuerzaAerea_Apellido_155,FuerzaAerea,Buenos Aires
300156,FuerzaAerea_Nombre_156,FuerzaAerea_Apellido_156,FuerzaAerea,Córdoba
300157,FuerzaAerea_Nombre_157,FuerzaAerea_Apellido_157,FuerzaAerea,Buenos Aires
300158,FuerzaAerea_Nombre_158,FuerzaAerea_Apellido_158,FuerzaAerea,Córdoba
300159,FuerzaAerea_Nombre_159,FuerzaAerea_Apellido_159,FuerzaAerea,Buenos Aires
300160,FuerzaAerea_Nombre_160,FuerzaAerea_Apellido_160,FuerzaAerea,Córdoba
300161,FuerzaAerea_Nombre_161,FuerzaAerea_Apellido_161,FuerzaAerea,Buenos Aires
300162,FuerzaAerea_Nombre_162,FuerzaAerea_Apellido_162,FuerzaAerea,Córdoba
300163,FuerzaAerea_Nombre_163,FuerzaAerea_Apellido_163,FuerzaAerea,Buenos Aires
300164,FuerzaAerea_Nombre_164,FuerzaAerea_Apellido_164,FuerzaAerea,Córdoba
300165,FuerzaAerea_Nombre_165,FuerzaAerea_Apellido_165,FuerzaAerea,Buenos Aires
300166,FuerzaAerea_Nombre_166,FuerzaAerea_Apellido_166,FuerzaAerea,Córdoba
300167,FuerzaAerea_Nombre_167,FuerzaAerea_Apellido_167,FuerzaAerea,Buenos Aires
300168,FuerzaAerea_Nombre_168,FuerzaAerea_Apellido_168,FuerzaAerea,Córdoba
300169,FuerzaAerea_Nombre_169,FuerzaAerea_Apellido_169,FuerzaAerea,Buenos Aires
300170,FuerzaAerea_Nombre_170,FuerzaAerea_Apellido_170,FuerzaAerea,Córdoba
300171,FuerzaAerea_Nombre_171,FuerzaAerea_Apellido_171,FuerzaAerea,Buenos Aires
300172,FuerzaAerea_Nombre_172,FuerzaAerea_Apellido_172,FuerzaAerea,Córdoba
300173,FuerzaAerea_Nombre_173,FuerzaAerea_Apellido_173,FuerzaAerea,Buenos Aires
300174,FuerzaAerea_Nombre_174,FuerzaAerea_Apellido_174,FuerzaAerea,Córdoba
300175,FuerzaAerea_Nombre_175,FuerzaAerea_Apellido_175,FuerzaAerea,Buenos Aires
300176,FuerzaAerea_Nombre_176,FuerzaAerea_Apellido_176,FuerzaAerea,Córdoba
300177,FuerzaAerea_Nombre_177,FuerzaAerea_Apellido_177,FuerzaAerea,Buenos Aires
300178,FuerzaAerea_Nombre_178,FuerzaAerea_Apellido_178,FuerzaAerea,Córdoba
300179,FuerzaAerea_Nombre_179,FuerzaAerea_Apellido_179,FuerzaAerea,Buenos Aires
300180,FuerzaAerea_Nombre_180,FuerzaAerea_Apellido_180,FuerzaAerea,Córdoba
300181,FuerzaAerea_Nombre_181,FuerzaAerea_Apellido_181,FuerzaAerea,Buenos Aires
300182,FuerzaAerea_Nombre_182,FuerzaAerea_Apellido_182,FuerzaAerea,Córdoba
300183,FuerzaAerea_Nombre_183,FuerzaAerea_Apellido_183,FuerzaAerea,Buenos Aires
300184,FuerzaAerea_Nombre_184,FuerzaAerea_Apellido_184,FuerzaAerea,Córdoba
300185,FuerzaAerea_Nombre_185,FuerzaAerea_Apellido_185,FuerzaAerea,Buenos Aires
300186,FuerzaAerea_Nombre_186,FuerzaAerea_Apellido_186,FuerzaAerea,Córdoba
300187,FuerzaAerea_Nombre_187,FuerzaAerea_Apellido_187,FuerzaAerea,Buenos Aires
300188,FuerzaAerea_Nombre_188,FuerzaAerea_Apellido_188,FuerzaAerea,Córdoba
300189,FuerzaAerea_Nombre_189,FuerzaAerea_Apellido_189,FuerzaAerea,Buenos Aires
300190,FuerzaAerea_Nombre_190,FuerzaAerea_Apellido_190,FuerzaAerea,Córdoba
300191,FuerzaAerea_Nombre_191,FuerzaAerea_Apellido_191,FuerzaAerea,Buenos Aires
300192,FuerzaAerea_Nombre_192,FuerzaAerea_Apellido_192,FuerzaAerea,Córdoba
300193,FuerzaAerea_Nombre_193,FuerzaAerea_Apellido_193,FuerzaAerea,Buenos Aires
300194,FuerzaAerea_Nombre_194,FuerzaAerea_Apellido_194,FuerzaAerea,Córdoba
300195,FuerzaAerea_Nombre_195,FuerzaAerea_Apellido_195,FuerzaAerea,Buenos Aires
300196,FuerzaAerea_Nombre_196,FuerzaAerea_Apellido_196,FuerzaAerea,Córdoba
300197,FuerzaAerea_Nombre_197,FuerzaAerea_Apellido_197,FuerzaAerea,Buenos Aires
300198,FuerzaAerea_Nombre_198,FuerzaAerea_Apellido_198,FuerzaAerea,Córdoba
300199,FuerzaAerea_Nombre_199,FuerzaAerea_Apellido_199,FuerzaAerea,Buenos Aires
300200,FuerzaAerea_Nombre_200,FuerzaAerea_Apellido_200,FuerzaAerea,Córdoba
300201,FuerzaAerea_Nombre_201,FuerzaAerea_Apellido_201,FuerzaAerea,Buenos Aires
300202,FuerzaAerea_Nombre_202,FuerzaAerea_Apellido_202,FuerzaAerea,Córdoba
300203,FuerzaAerea_Nombre_203,FuerzaAerea_Apellido_203,FuerzaAerea,Buenos Aires
300204,FuerzaAerea_Nombre_204,FuerzaAerea_Apellido_204,FuerzaAerea,Córdoba
300205,FuerzaAerea_Nombre_205,FuerzaAerea_Apellido_205,FuerzaAerea,Buenos Aires
300206,FuerzaAerea_Nombre_206,FuerzaAerea_Apellido_206,FuerzaAerea,Córdoba
300207,FuerzaAerea_Nombre_207,FuerzaAerea_Apellido_207,FuerzaAerea,Buenos Aires
300208,FuerzaAerea_Nombre_208,FuerzaAerea_Apellido_208,FuerzaAerea,Córdoba
300209,FuerzaAerea_Nombre_209,FuerzaAerea_Apellido_209,FuerzaAerea,Buenos Aires
300210,FuerzaAerea_Nombre_210,FuerzaAerea_Apellido_210,FuerzaAerea,Córdoba
300211,FuerzaAerea_Nombre_211,FuerzaAerea_Apellido_211,FuerzaAerea,Buenos Aires
300212,FuerzaAerea_Nombre_212,FuerzaAerea_Apellido_212,FuerzaAerea,Córdoba
300213,FuerzaAerea_Nombre_213,FuerzaAerea_Apellido_213,FuerzaAerea,Buenos Aires
300214,FuerzaAerea_Nombre_214,FuerzaAerea_Apellido_214,FuerzaAerea,Córdoba
300215,FuerzaAerea_Nombre_215,FuerzaAerea_Apellido_215,FuerzaAerea,Buenos Aires
300216,FuerzaAerea_Nombre_216,FuerzaAerea_Apellido_216,FuerzaAerea,Córdoba
300217,FuerzaAerea_Nombre_217,FuerzaAerea_Apellido_217,FuerzaAerea,Buenos Aires
300218,FuerzaAerea_Nombre_218,FuerzaAerea_Apellido_218,FuerzaAerea,Córdoba
300219,FuerzaAerea_Nombre_219,FuerzaAerea_Apellido_219,FuerzaAerea,Buenos Aires
300220,FuerzaAerea_Nombre_220,FuerzaAerea_Apellido_220,FuerzaAerea,Córdoba
300221,FuerzaAerea_Nombre_221,FuerzaAerea_Apellido_221,FuerzaAerea,Buenos Aires
300222,FuerzaAerea_Nombre_222,FuerzaAerea_Apellido_222,FuerzaAerea,Córdoba
300223,FuerzaAerea_Nombre_223,FuerzaAerea_Apellido_223,FuerzaAerea,Buenos Aires
300224,FuerzaAerea_Nombre_224,FuerzaAerea_Apellido_224,FuerzaAerea,Córdoba
300225,FuerzaAerea_Nombre_225,FuerzaAerea_Apellido_225,FuerzaAerea,Buenos Aires
300226,FuerzaAerea_Nombre_226,FuerzaAerea_Apellido_226,FuerzaAerea,Córdoba
300227,FuerzaAerea_Nombre_227,FuerzaAerea_Apellido_227,FuerzaAerea,Buenos Aires
300228,FuerzaAerea_Nombre_228,FuerzaAerea_Apellido_228,FuerzaAerea,Córdoba
300229,FuerzaAerea_Nombre_229,FuerzaAerea_Apellido_229,FuerzaAerea,Buenos Aires
300230,FuerzaAerea_Nombre_230,FuerzaAerea_Apellido_230,FuerzaAerea,Córdoba
300231,FuerzaAerea_Nombre_231,FuerzaAerea_Apellido_231,FuerzaAerea,Buenos Aires
300232,FuerzaAerea_Nombre_232,FuerzaAerea_Apellido_232,FuerzaAerea,Córdoba
300233,FuerzaAerea_Nombre_233,FuerzaAerea_Apellido_233,FuerzaAerea,Buenos Aires
300234,FuerzaAerea_Nombre_234,FuerzaAerea_Apellido_234,FuerzaAerea,Córdoba
300235,FuerzaAerea_Nombre_235,FuerzaAerea_Apellido_235,FuerzaAerea,Buenos Aires
300236,FuerzaAerea_Nombre_236,FuerzaAerea_Apellido_236,FuerzaAerea,Córdoba
300237,FuerzaAerea_Nombre_237,FuerzaAerea_Apellido_237,FuerzaAerea,Buenos Aires
300238,FuerzaAerea_Nombre_238,FuerzaAerea_Apellido_238,FuerzaAerea,Córdoba
300239,FuerzaAerea_Nombre_239,FuerzaAerea_Apellido_239,FuerzaAerea,Buenos Aires
300240,FuerzaAerea_Nombre_240,FuerzaAerea_Apellido_240,FuerzaAerea,Córdoba
300241,FuerzaAerea_Nombre_241,FuerzaAerea_Apellido_241,FuerzaAerea,Buenos Aires
300242,FuerzaAerea_Nombre_242,FuerzaAerea_Apellido_242,FuerzaAerea,Córdoba
300243,FuerzaAerea_Nombre_243,FuerzaAerea_Apellido_243,FuerzaAerea,Buenos Aires
300244,FuerzaAerea_Nombre_244,FuerzaAerea_Apellido_244,FuerzaAerea,Córdoba
300245,FuerzaAerea_Nombre_245,FuerzaAerea_Apellido_245,FuerzaAerea,Buenos Aires
300246,FuerzaAerea_Nombre_246,FuerzaAerea_Apellido_246,FuerzaAerea,Córdoba
300247,FuerzaAerea_Nombre_247,FuerzaAerea_Apellido_247,FuerzaAerea,Buenos Aires
300248,FuerzaAerea_Nombre_248,FuerzaAerea_Apellido_248,FuerzaAerea,Córdoba
300249,FuerzaAerea_Nombre_249,FuerzaAerea_Apellido_249,FuerzaAerea,Buenos Aires
300250,FuerzaAerea_Nombre_250,FuerzaAerea_Apellido_250,FuerzaAerea,Córdoba
300251,FuerzaAerea_Nombre_251,FuerzaAerea_Apellido_251,FuerzaAerea,Buenos Aires
300252,FuerzaAerea_Nombre_252,FuerzaAerea_Apellido_252,FuerzaAerea,Córdoba
300253,FuerzaAerea_Nombre_253,FuerzaAerea_Apellido_253,FuerzaAerea,Buenos Aires
300254,FuerzaAerea_Nombre_254,FuerzaAerea_Apellido_254,FuerzaAerea,Córdoba
300255,FuerzaAerea_Nombre_255,FuerzaAerea_Apellido_255,FuerzaAerea,Buenos Aires
300256,FuerzaAerea_Nombre_256,FuerzaAerea_Apellido_256,FuerzaAerea,Córdoba
300257,FuerzaAerea_Nombre_257,FuerzaAerea_Apellido_257,FuerzaAerea,Buenos Aires
300258,FuerzaAerea_Nombre_258,FuerzaAerea_Apellido_258,FuerzaAerea,Córdoba
300259,FuerzaAerea_Nombre_259,FuerzaAerea_Apellido_259,FuerzaAerea,Buenos Aires
300260,FuerzaAerea_Nombre_260,FuerzaAerea_Apellido_260,FuerzaAerea,Córdoba
300261,FuerzaAerea_Nombre_261,FuerzaAerea_Apellido_261,FuerzaAerea,Buenos Aires
300262,FuerzaAerea_Nombre_262,FuerzaAerea_Apellido_262,FuerzaAerea,Córdoba
300263,FuerzaAerea_Nombre_263,FuerzaAerea_Apellido_263,FuerzaAerea,Buenos Aires
300264,FuerzaAerea_Nombre_264,FuerzaAerea_Apellido_264,FuerzaAerea,Córdoba
300265,FuerzaAerea_Nombre_265,FuerzaAerea_Apellido_265,FuerzaAerea,Buenos Aires
300266,FuerzaAerea_Nombre_266,FuerzaAerea_Apellido_266,FuerzaAerea,Córdoba
300267,FuerzaAerea_Nombre_267,FuerzaAerea_Apellido_267,FuerzaAerea,Buenos Aires
300268,FuerzaAerea_Nombre_268,FuerzaAerea_Apellido_268,FuerzaAerea,Córdoba
300269,FuerzaAerea_Nombre_269,FuerzaAerea_Apellido_269,FuerzaAerea,Buenos Aires
300270,FuerzaAerea_Nombre_270,FuerzaAerea_Apellido_270,FuerzaAerea,Córdoba
300271,FuerzaAerea_Nombre_271,FuerzaAerea_Apellido_271,FuerzaAerea,Buenos Aires
300272,FuerzaAerea_Nombre_272,FuerzaAerea_Apellido_272,FuerzaAerea,Córdoba
300273,FuerzaAerea_Nombre_273,FuerzaAerea_Apellido_273,FuerzaAerea,Buenos Aires
300274,FuerzaAerea_Nombre_274,FuerzaAerea_Apellido_274,FuerzaAerea,Córdoba
300275,FuerzaAerea_Nombre_275,FuerzaAerea_Apellido_275,FuerzaAerea,Buenos Aires
300276,FuerzaAerea_Nombre_276,FuerzaAerea_Apellido_276,FuerzaAerea,Córdoba
300277,FuerzaAerea_Nombre_277,FuerzaAerea_Apellido_277,FuerzaAerea,Buenos Aires
300278,FuerzaAerea_Nombre_278,FuerzaAerea_Apellido_278,FuerzaAerea,Córdoba
300279,FuerzaAerea_Nombre_279,FuerzaAerea_Apellido_279,FuerzaAerea,Buenos Aires
300280,FuerzaAerea_Nombre_280,FuerzaAerea_Apellido_280,FuerzaAerea,Córdoba
300281,FuerzaAerea_Nombre_281,FuerzaAerea_Apellido_281,FuerzaAerea,Buenos Aires
300282,FuerzaAerea_Nombre_282,FuerzaAerea_Apellido_282,FuerzaAerea,Córdoba
300283,FuerzaAerea_Nombre_283,FuerzaAerea_Apellido_283,FuerzaAerea,Buenos Aires
300284,FuerzaAerea_Nombre_284,FuerzaAerea_Apellido_284,FuerzaAerea,Córdoba
300285,FuerzaAerea_Nombre_285,FuerzaAerea_Apellido_285,FuerzaAerea,Buenos Aires
300286,FuerzaAerea_Nombre_286,FuerzaAerea_Apellido_286,FuerzaAerea,Córdoba
300287,FuerzaAerea_Nombre_287,FuerzaAerea_Apellido_287,FuerzaAerea,Buenos Aires
300288,FuerzaAerea_Nombre_288,FuerzaAerea_Apellido_288,FuerzaAerea,Córdoba
300289,FuerzaAerea_Nombre_289,FuerzaAerea_Apellido_289,FuerzaAerea,Buenos Aires
300290,FuerzaAerea_Nombre_290,FuerzaAerea_Apellido_290,FuerzaAerea,Córdoba
300291,FuerzaAerea_Nombre_291,FuerzaAerea_Apellido_291,FuerzaAerea,Buenos Aires
300292,FuerzaAerea_Nombre_292,FuerzaAerea_Apellido_292,FuerzaAerea,Córdoba
300293,FuerzaAerea_Nombre_293,FuerzaAerea_Apellido_293,FuerzaAerea,Buenos Aires
300294,FuerzaAerea_Nombre_294,FuerzaAerea_Apellido_294,FuerzaAerea,Córdoba
300295,FuerzaAerea_Nombre_295,FuerzaAerea_Apellido_295,FuerzaAerea,Buenos Aires
300296,FuerzaAerea_Nombre_296,FuerzaAerea_Apellido_296,FuerzaAerea,Córdoba
300297,FuerzaAerea_Nombre_297,FuerzaAerea_Apellido_297,FuerzaAerea,Buenos Aires
300298,FuerzaAerea_Nombre_298,FuerzaAerea_Apellido_298,FuerzaAerea,Córdoba
300299,FuerzaAerea_Nombre_299,FuerzaAerea_Apellido_299,FuerzaAerea,Buenos Aires
300300,FuerzaAerea_Nombre_300,FuerzaAerea_Apellido_300,FuerzaAerea,Córdoba
300301,FuerzaAerea_Nombre_301,FuerzaAerea_Apellido_301,FuerzaAerea,Buenos Aires
300302,FuerzaAerea_Nombre_302,FuerzaAerea_Apellido_302,FuerzaAerea,Córdoba
300303,FuerzaAerea_Nombre_303,FuerzaAerea_Apellido_303,FuerzaAerea,Buenos Aires
300304,FuerzaAerea_Nombre_304,FuerzaAerea_Apellido_304,FuerzaAerea,Córdoba
300305,FuerzaAerea_Nombre_305,FuerzaAerea_Apellido_305,FuerzaAerea,Buenos Aires
300306,FuerzaAerea_Nombre_306,FuerzaAerea_Apellido_306,FuerzaAerea,Córdoba
300307,FuerzaAerea_Nombre_307,FuerzaAerea_Apellido_307,FuerzaAerea,Buenos Aires
300308,FuerzaAerea_Nombre_308,FuerzaAerea_Apellido_308,FuerzaAerea,Córdoba
300309,FuerzaAerea_Nombre_309,FuerzaAerea_Apellido_309,FuerzaAerea,Buenos Aires
300310,FuerzaAerea_Nombre_310,FuerzaAerea_Apellido_310,FuerzaAerea,Córdoba
300311,FuerzaAerea_Nombre_311,FuerzaAerea_Apellido_311,FuerzaAerea,Buenos Aires
300312,FuerzaAerea_Nombre_312,FuerzaAerea_Apellido_312,FuerzaAerea,Córdoba
300313,FuerzaAerea_Nombre_313,FuerzaAerea_Apellido_313,FuerzaAerea,Buenos Aires
300314,FuerzaAerea_Nombre_314,FuerzaAerea_Apellido_314,FuerzaAerea,Córdoba
300315,FuerzaAerea_Nombre_315,FuerzaAerea_Apellido_315,FuerzaAerea,Buenos Aires
300316,FuerzaAerea_Nombre_316,FuerzaAerea_Apellido_316,FuerzaAerea,Córdoba
300317,FuerzaAerea_Nombre_317,FuerzaAerea_Apellido_317,FuerzaAerea,Buenos Aires
300318,FuerzaAerea_Nombre_318,FuerzaAerea_Apellido_318,FuerzaAerea,Córdoba
300319,FuerzaAerea_Nombre_319,FuerzaAerea_Apellido_319,FuerzaAerea,Buenos Aires
300320,FuerzaAerea_Nombre_320,FuerzaAerea_Apellido_320,FuerzaAerea,Córdoba
300321,FuerzaAerea_Nombre_321,FuerzaAerea_Apellido_321,FuerzaAerea,Buenos Aires
300322,FuerzaAerea_Nombre_322,FuerzaAerea_Apellido_322,FuerzaAerea,Córdoba
300323,FuerzaAerea_Nombre_323,FuerzaAerea_Apellido_323,FuerzaAerea,Buenos Aires
300324,FuerzaAerea_Nombre_324,FuerzaAerea_Apellido_324,FuerzaAerea,Córdoba
300325,FuerzaAerea_Nombre_325,FuerzaAerea_Apellido_325,FuerzaAerea,Buenos Aires
300326,FuerzaAerea_Nombre_326,FuerzaAerea_Apellido_326,FuerzaAerea,Córdoba
300327,FuerzaAerea_Nombre_327,FuerzaAerea_Apellido_327,FuerzaAerea,Buenos Aires
300328,FuerzaAerea_Nombre_328,FuerzaAerea_Apellido_328,FuerzaAerea,Córdoba
300329,FuerzaAerea_Nombre_329,FuerzaAerea_Apellido_329,FuerzaAerea,Buenos Aires
300330,FuerzaAerea_Nombre_330,FuerzaAerea_Apellido_330,FuerzaAerea,Córdoba
300331,FuerzaAerea_Nombre_331,FuerzaAerea_Apellido_331,FuerzaAerea,Buenos Aires
300332,FuerzaAerea_Nombre_332,FuerzaAerea_Apellido_332,FuerzaAerea,Córdoba
300333,FuerzaAerea_Nombre_333,FuerzaAerea_Apellido_333,FuerzaAerea,Buenos Aires
300334,FuerzaAerea_Nombre_334,FuerzaAerea_Apellido_334,FuerzaAerea,Córdoba
300335,FuerzaAerea_Nombre_335,FuerzaAerea_Apellido_335,FuerzaAerea,Buenos Aires
300336,FuerzaAerea_Nombre_336,FuerzaAerea_Apellido_336,FuerzaAerea,Córdoba
300337,FuerzaAerea_Nombre_337,FuerzaAerea_Apellido_337,FuerzaAerea,Buenos Aires
300338,FuerzaAerea_Nombre_338,FuerzaAerea_Apellido_338,FuerzaAerea,Córdoba
300339,FuerzaAerea_Nombre_339,FuerzaAerea_Apellido_339,FuerzaAerea,Buenos Aires
300340,FuerzaAerea_Nombre_340,FuerzaAerea_Apellido_340,FuerzaAerea,Córdoba
300341,FuerzaAerea_Nombre_341,FuerzaAerea_Apellido_341,FuerzaAerea,Buenos Aires
300342,FuerzaAerea_Nombre_342,FuerzaAerea_Apellido_342,FuerzaAerea,Córdoba
300343,FuerzaAerea_Nombre_343,FuerzaAerea_Apellido_343,FuerzaAerea,Buenos Aires
300344,FuerzaAerea_Nombre_344,FuerzaAerea_Apellido_344,FuerzaAerea,Córdoba
300345,FuerzaAerea_Nombre_345,FuerzaAerea_Apellido_345,FuerzaAerea,Buenos Aires
300346,FuerzaAerea_Nombre_346,FuerzaAerea_Apellido_346,FuerzaAerea,Córdoba
300347,FuerzaAerea_Nombre_347,FuerzaAerea_Apellido_347,FuerzaAerea,Buenos Aires
300348,FuerzaAerea_Nombre_348,FuerzaAerea_Apellido_348,FuerzaAerea,Córdoba
300349,FuerzaAerea_Nombre_349,FuerzaAerea_Apellido_349,FuerzaAerea,Buenos Aires
300350,FuerzaAerea_Nombre_350,FuerzaAerea_Apellido_350,FuerzaAerea,Córdoba
300351,FuerzaAerea_Nombre_351,FuerzaAerea_Apellido_351,FuerzaAerea,Buenos Aires
300352,FuerzaAerea_Nombre_352,FuerzaAerea_Apellido_352,FuerzaAerea,Córdoba
300353,FuerzaAerea_Nombre_353,FuerzaAerea_Apellido_353,FuerzaAerea,Buenos Aires
300354,FuerzaAerea_Nombre_354,FuerzaAerea_Apellido_354,FuerzaAerea,Córdoba
300355,FuerzaAerea_Nombre_355,FuerzaAerea_Apellido_355,FuerzaAerea,Buenos Aires
300356,FuerzaAerea_Nombre_356,FuerzaAerea_Apellido_356,FuerzaAerea,Córdoba
300357,FuerzaAerea_Nombre_357,FuerzaAerea_Apellido_357,FuerzaAerea,Buenos Aires
300358,FuerzaAerea_Nombre_358,FuerzaAerea_Apellido_358,FuerzaAerea,Córdoba
300359,FuerzaAerea_Nombre_359,FuerzaAerea_Apellido_359,FuerzaAerea,Buenos Aires
300360,FuerzaAerea_Nombre_360,FuerzaAerea_Apellido_360,FuerzaAerea,Córdoba
300361,FuerzaAerea_Nombre_361,FuerzaAerea_Apellido_361,FuerzaAerea,Buenos Aires
300362,FuerzaAerea_Nombre_362,FuerzaAerea_Apellido_362,FuerzaAerea,Córdoba
300363,FuerzaAerea_Nombre_363,FuerzaAerea_Apellido_363,FuerzaAerea,Buenos Aires
300364,FuerzaAerea_Nombre_364,FuerzaAerea_Apellido_364,FuerzaAerea,Córdoba
300365,FuerzaAerea_Nombre_365,FuerzaAerea_Apellido_365,FuerzaAerea,Buenos Aires
300366,FuerzaAerea_Nombre_366,FuerzaAerea_Apellido_366,FuerzaAerea,Córdoba
300367,FuerzaAerea_Nombre_367,FuerzaAerea_Apellido_367,FuerzaAerea,Buenos Aires
300368,FuerzaAerea_Nombre_368,FuerzaAerea_Apellido_368,FuerzaAerea,Córdoba
300369,FuerzaAerea_Nombre_369,FuerzaAerea_Apellido_369,FuerzaAerea,Buenos Aires
300370,FuerzaAerea_Nombre_370,FuerzaAerea_Apellido_370,FuerzaAerea,Córdoba
300371,FuerzaAerea_Nombre_371,FuerzaAerea_Apellido_371,FuerzaAerea,Buenos Aires
300372,FuerzaAerea_Nombre_372,FuerzaAerea_Apellido_372,FuerzaAerea,Córdoba
300373,FuerzaAerea_Nombre_373,FuerzaAerea_Apellido_373,FuerzaAerea,Buenos Aires
300374,FuerzaAerea_Nombre_374,FuerzaAerea_Apellido_374,FuerzaAerea,Córdoba
300375,FuerzaAerea_Nombre_375,FuerzaAerea_Apellido_375,FuerzaAerea,Buenos Aires
300376,FuerzaAerea_Nombre_376,FuerzaAerea_Apellido_376,FuerzaAerea,Córdoba
300377,FuerzaAerea_Nombre_377,FuerzaAerea_Apellido_377,FuerzaAerea,Buenos Aires
300378,FuerzaAerea_Nombre_378,FuerzaAerea_Apellido_378,FuerzaAerea,Córdoba
300379,FuerzaAerea_Nombre_379,FuerzaAerea_Apellido_379,FuerzaAerea,Buenos Aires
300380,FuerzaAerea_Nombre_380,FuerzaAerea_Apellido_380,FuerzaAerea,Córdoba
300381,FuerzaAerea_Nombre_381,FuerzaAerea_Apellido_381,FuerzaAerea,Buenos Aires
300382,FuerzaAerea_Nombre_382,FuerzaAerea_Apellido_382,FuerzaAerea,Córdoba
300383,FuerzaAerea_Nombre_383,FuerzaAerea_Apellido_383,FuerzaAerea,Buenos Aires
300384,FuerzaAerea_Nombre_384,FuerzaAerea_Apellido_384,FuerzaAerea,Córdoba
300385,FuerzaAerea_Nombre_385,FuerzaAerea_Apellido_385,FuerzaAerea,Buenos Aires
300386,FuerzaAerea_Nombre_386,FuerzaAerea_Apellido_386,FuerzaAerea,Córdoba
300387,FuerzaAerea_Nombre_387,FuerzaAerea_Apellido_387,FuerzaAerea,Buenos Aires
300388,FuerzaAerea_Nombre_388,FuerzaAerea_Apellido_388,FuerzaAerea,Córdoba
300389,FuerzaAerea_Nombre_389,FuerzaAerea_Apellido_389,FuerzaAerea,Buenos Aires
300390,FuerzaAerea_Nombre_390,FuerzaAerea_Apellido_390,FuerzaAerea,Córdoba
300391,FuerzaAerea_Nombre_391,FuerzaAerea_Apellido_391,FuerzaAerea,Buenos Aires
300392,FuerzaAerea_Nombre_392,FuerzaAerea_Apellido_392,FuerzaAerea,Córdoba
300393,FuerzaAerea_Nombre_393,FuerzaAerea_Apellido_393,FuerzaAerea,Buenos Aires
300394,FuerzaAerea_Nombre_394,FuerzaAerea_Apellido_394,FuerzaAerea,Córdoba
300395,FuerzaAerea_Nombre_395,FuerzaAerea_Apellido_395,FuerzaAerea,Buenos Aires
300396,FuerzaAerea_Nombre_396,FuerzaAerea_Apellido_396,FuerzaAerea,Córdoba
300397,FuerzaAerea_Nombre_397,FuerzaAerea_Apellido_397,FuerzaAerea,Buenos Aires
300398,FuerzaAerea_Nombre_398,FuerzaAerea_Apellido_398,FuerzaAerea,Córdoba
300399,FuerzaAerea_Nombre_399,FuerzaAerea_Apellido_399,FuerzaAerea,Buenos Aires
300400,FuerzaAerea_Nombre_400,FuerzaAerea_Apellido_400,FuerzaAerea,Córdoba
300401,FuerzaAerea_Nombre_401,FuerzaAerea_Apellido_401,FuerzaAerea,Buenos Aires
300402,FuerzaAerea_Nombre_402,FuerzaAerea_Apellido_402,FuerzaAerea,Córdoba
300403,FuerzaAerea_Nombre_403,FuerzaAerea_Apellido_403,FuerzaAerea,Buenos Aires
300404,FuerzaAerea_Nombre_404,FuerzaAerea_Apellido_404,FuerzaAerea,Córdoba
300405,FuerzaAerea_Nombre_405,FuerzaAerea_Apellido_405,FuerzaAerea,Buenos Aires
300406,FuerzaAerea_Nombre_406,FuerzaAerea_Apellido_406,FuerzaAerea,Córdoba
300407,FuerzaAerea_Nombre_407,FuerzaAerea_Apellido_407,FuerzaAerea,Buenos Aires
300408,FuerzaAerea_Nombre_408,FuerzaAerea_Apellido_408,FuerzaAerea,Córdoba
300409,FuerzaAerea_Nombre_409,FuerzaAerea_Apellido_409,FuerzaAerea,Buenos Aires
300410,FuerzaAerea_Nombre_410,FuerzaAerea_Apellido_410,FuerzaAerea,Córdoba
300411,FuerzaAerea_Nombre_411,FuerzaAerea_Apellido_411,FuerzaAerea,Buenos Aires
300412,FuerzaAerea_Nombre_412,FuerzaAerea_Apellido_412,FuerzaAerea,Córdoba
300413,FuerzaAerea_Nombre_413,FuerzaAerea_Apellido_413,FuerzaAerea,Buenos Aires
300414,FuerzaAerea_Nombre_414,FuerzaAerea_Apellido_414,FuerzaAerea,Córdoba
300415,FuerzaAerea_Nombre_415,FuerzaAerea_Apellido_415,FuerzaAerea,Buenos Aires
300416,FuerzaAerea_Nombre_416,FuerzaAerea_Apellido_416,FuerzaAerea,Córdoba
300417,FuerzaAerea_Nombre_417,FuerzaAerea_Apellido_417,FuerzaAerea,Buenos Aires
300418,FuerzaAerea_Nombre_418,FuerzaAerea_Apellido_418,FuerzaAerea,Córdoba
300419,FuerzaAerea_Nombre_419,FuerzaAerea_Apellido_419,FuerzaAerea,Buenos Aires
300420,FuerzaAerea_Nombre_420,FuerzaAerea_Apellido_420,FuerzaAerea,Córdoba
300421,FuerzaAerea_Nombre_421,FuerzaAerea_Apellido_421,FuerzaAerea,Buenos Aires
300422,FuerzaAerea_Nombre_422,FuerzaAerea_Apellido_422,FuerzaAerea,Córdoba
300423,FuerzaAerea_Nombre_423,FuerzaAerea_Apellido_423,FuerzaAerea,Buenos Aires
300424,FuerzaAerea_Nombre_424,FuerzaAerea_Apellido_424,FuerzaAerea,Córdoba
300425,FuerzaAerea_Nombre_425,FuerzaAerea_Apellido_425,FuerzaAerea,Buenos Aires
300426,FuerzaAerea_Nombre_426,FuerzaAerea_Apellido_426,FuerzaAerea,Córdoba
300427,FuerzaAerea_Nombre_427,FuerzaAerea_Apellido_427,FuerzaAerea,Buenos Aires
300428,FuerzaAerea_Nombre_428,FuerzaAerea_Apellido_428,FuerzaAerea,Córdoba
300429,FuerzaAerea_Nombre_429,FuerzaAerea_Apellido_429,FuerzaAerea,Buenos Aires
300430,FuerzaAerea_Nombre_430,FuerzaAerea_Apellido_430,FuerzaAerea,Córdoba
300431,FuerzaAerea_Nombre_431,FuerzaAerea_Apellido_431,FuerzaAerea,Buenos Aires
300432,FuerzaAerea_Nombre_432,FuerzaAerea_Apellido_432,FuerzaAerea,Córdoba
300433,FuerzaAerea_Nombre_433,FuerzaAerea_Apellido_433,FuerzaAerea,Buenos Aires
300434,FuerzaAerea_Nombre_434,FuerzaAerea_Apellido_434,FuerzaAerea,Córdoba
300435,FuerzaAerea_Nombre_435,FuerzaAerea_Apellido_435,FuerzaAerea,Buenos Aires
300436,FuerzaAerea_Nombre_436,FuerzaAerea_Apellido_436,FuerzaAerea,Córdoba
300437,FuerzaAerea_Nombre_437,FuerzaAerea_Apellido_437,FuerzaAerea,Buenos Aires
300438,FuerzaAerea_Nombre_438,FuerzaAerea_Apellido_438,FuerzaAerea,Córdoba
300439,FuerzaAerea_Nombre_439,FuerzaAerea_Apellido_439,FuerzaAerea,Buenos Aires
300440,FuerzaAerea_Nombre_440,FuerzaAerea_Apellido_440,FuerzaAerea,Córdoba
300441,FuerzaAerea_Nombre_441,FuerzaAerea_Apellido_441,FuerzaAerea,Buenos Aires
300442,FuerzaAerea_Nombre_442,FuerzaAerea_Apellido_442,FuerzaAerea,Córdoba
300443,FuerzaAerea_Nombre_443,FuerzaAerea_Apellido_443,FuerzaAerea,Buenos Aires
300444,FuerzaAerea_Nombre_444,FuerzaAerea_Apellido_444,FuerzaAerea,Córdoba
300445,FuerzaAerea_Nombre_445,FuerzaAerea_Apellido_445,FuerzaAerea,Buenos Aires
300446,FuerzaAerea_Nombre_446,FuerzaAerea_Apellido_446,FuerzaAerea,Córdoba
300447,FuerzaAerea_Nombre_447,FuerzaAerea_Apellido_447,FuerzaAerea,Buenos Aires
300448,FuerzaAerea_Nombre_448,FuerzaAerea_Apellido_448,FuerzaAerea,Córdoba
300449,FuerzaAerea_Nombre_449,FuerzaAerea_Apellido_449,FuerzaAerea,Buenos Aires
300450,FuerzaAerea_Nombre_450,FuerzaAerea_Apellido_450,FuerzaAerea,Córdoba
300451,FuerzaAerea_Nombre_451,FuerzaAerea_Apellido_451,FuerzaAerea,Buenos Aires
300452,FuerzaAerea_Nombre_452,FuerzaAerea_Apellido_452,FuerzaAerea,Córdoba
300453,FuerzaAerea_Nombre_453,FuerzaAerea_Apellido_453,FuerzaAerea,Buenos Aires
300454,FuerzaAerea_Nombre_454,FuerzaAerea_Apellido_454,FuerzaAerea,Córdoba
300455,FuerzaAerea_Nombre_455,FuerzaAerea_Apellido_455,FuerzaAerea,Buenos Aires
300456,FuerzaAerea_Nombre_456,FuerzaAerea_Apellido_456,FuerzaAerea,Córdoba
300457,FuerzaAerea_Nombre_457,FuerzaAerea_Apellido_457,FuerzaAerea,Buenos Aires
300458,FuerzaAerea_Nombre_458,FuerzaAerea_Apellido_458,FuerzaAerea,Córdoba
300459,FuerzaAerea_Nombre_459,FuerzaAerea_Apellido_459,FuerzaAerea,Buenos Aires
300460,FuerzaAerea_Nombre_460,FuerzaAerea_Apellido_460,FuerzaAerea,Córdoba
300461,FuerzaAerea_Nombre_461,FuerzaAerea_Apellido_461,FuerzaAerea,Buenos Aires
300462,FuerzaAerea_Nombre_462,FuerzaAerea_Apellido_462,FuerzaAerea,Córdoba
300463,FuerzaAerea_Nombre_463,FuerzaAerea_Apellido_463,FuerzaAerea,Buenos Aires
300464,FuerzaAerea_Nombre_464,FuerzaAerea_Apellido_464,FuerzaAerea,Córdoba
300465,FuerzaAerea_Nombre_465,FuerzaAerea_Apellido_465,FuerzaAerea,Buenos Aires
300466,FuerzaAerea_Nombre_466,FuerzaAerea_Apellido_466,FuerzaAerea,Córdoba
300467,FuerzaAerea_Nombre_467,FuerzaAerea_Apellido_467,FuerzaAerea,Buenos Aires
300468,FuerzaAerea_Nombre_468,FuerzaAerea_Apellido_468,FuerzaAerea,Córdoba
300469,FuerzaAerea_Nombre_469,FuerzaAerea_Apellido_469,FuerzaAerea,Buenos Aires
300470,FuerzaAerea_Nombre_470,FuerzaAerea_Apellido_470,FuerzaAerea,Córdoba
300471,FuerzaAerea_Nombre_471,FuerzaAerea_Apellido_471,FuerzaAerea,Buenos Aires
300472,FuerzaAerea_Nombre_472,FuerzaAerea_Apellido_472,FuerzaAerea,Córdoba
300473,FuerzaAerea_Nombre_473,FuerzaAerea_Apellido_473,FuerzaAerea,Buenos Aires
300474,FuerzaAerea_Nombre_474,FuerzaAerea_Apellido_474,FuerzaAerea,Córdoba
300475,FuerzaAerea_Nombre_475,FuerzaAerea_Apellido_475,FuerzaAerea,Buenos Aires
300476,FuerzaAerea_Nombre_476,FuerzaAerea_Apellido_476,FuerzaAerea,Córdoba
300477,FuerzaAerea_Nombre_477,FuerzaAerea_Apellido_477,FuerzaAerea,Buenos Aires
300478,FuerzaAerea_Nombre_478,FuerzaAerea_Apellido_478,FuerzaAerea,Córdoba
300479,FuerzaAerea_Nombre_479,FuerzaAerea_Apellido_479,FuerzaAerea,Buenos Aires
300480,FuerzaAerea_Nombre_480,FuerzaAerea_Apellido_480,FuerzaAerea,Córdoba
300481,FuerzaAerea_Nombre_481,FuerzaAerea_Apellido_481,FuerzaAerea,Buenos Aires
300482,FuerzaAerea_Nombre_482,FuerzaAerea_Apellido_482,FuerzaAerea,Córdoba
300483,FuerzaAerea_Nombre_483,FuerzaAerea_Apellido_483,FuerzaAerea,Buenos Aires
300484,FuerzaAerea_Nombre_484,FuerzaAerea_Apellido_484,FuerzaAerea,Córdoba
300485,FuerzaAerea_Nombre_485,FuerzaAerea_Apellido_485,FuerzaAerea,Buenos Aires
300486,FuerzaAerea_Nombre_486,FuerzaAerea_Apellido_486,FuerzaAerea,Córdoba
300487,FuerzaAerea_Nombre_487,FuerzaAerea_Apellido_487,FuerzaAerea,Buenos Aires
300488,FuerzaAerea_Nombre_488,FuerzaAerea_Apellido_488,FuerzaAerea,Córdoba
300489,FuerzaAerea_Nombre_489,FuerzaAerea_Apellido_489,FuerzaAerea,Buenos Aires
300490,FuerzaAerea_Nombre_490,FuerzaAerea_Apellido_490,FuerzaAerea,Córdoba
300491,FuerzaAerea_Nombre_491,FuerzaAerea_Apellido_491,FuerzaAerea,Buenos Aires
300492,FuerzaAerea_Nombre_492,FuerzaAerea_Apellido_492,FuerzaAerea,Córdoba
300493,FuerzaAerea_Nombre_493,FuerzaAerea_Apellido_493,FuerzaAerea,Buenos Aires
300494,FuerzaAerea_Nombre_494,FuerzaAerea_Apellido_494,FuerzaAerea,Córdoba
300495,FuerzaAerea_Nombre_495,FuerzaAerea_Apellido_495,FuerzaAerea,Buenos Aires
300496,FuerzaAerea_Nombre_496,FuerzaAerea_Apellido_496,FuerzaAerea,Córdoba
300497,FuerzaAerea_Nombre_497,FuerzaAerea_Apellido_497,FuerzaAerea,Buenos Aires
300498,FuerzaAerea_Nombre_498,FuerzaAerea_Apellido_498,FuerzaAerea,Córdoba
300499,FuerzaAerea_Nombre_499,FuerzaAerea_Apellido_499,FuerzaAerea,Buenos Aires
300500,FuerzaAerea_Nombre_500,FuerzaAerea_Apellido_500,FuerzaAerea,Córdoba
300501,FuerzaAerea_Nombre_501,FuerzaAerea_Apellido_501,FuerzaAerea,Buenos Aires
300502,FuerzaAerea_Nombre_502,FuerzaAerea_Apellido_502,FuerzaAerea,Córdoba
300503,FuerzaAerea_Nombre_503,FuerzaAerea_Apellido_503,FuerzaAerea,Buenos Aires
300504,FuerzaAerea_Nombre_504,FuerzaAerea_Apellido_504,FuerzaAerea,Córdoba
300505,FuerzaAerea_Nombre_505,FuerzaAerea_Apellido_505,FuerzaAerea,Buenos Aires
300506,FuerzaAerea_Nombre_506,FuerzaAerea_Apellido_506,FuerzaAerea,Córdoba
300507,FuerzaAerea_Nombre_507,FuerzaAerea_Apellido_507,FuerzaAerea,Buenos Aires
300508,FuerzaAerea_Nombre_508,FuerzaAerea_Apellido_508,FuerzaAerea,Córdoba
300509,FuerzaAerea_Nombre_509,FuerzaAerea_Apellido_509,FuerzaAerea,Buenos Aires
300510,FuerzaAerea_Nombre_510,FuerzaAerea_Apellido_510,FuerzaAerea,Córdoba
300511,FuerzaAerea_Nombre_511,FuerzaAerea_Apellido_511,FuerzaAerea,Buenos Aires
300512,FuerzaAerea_Nombre_512,FuerzaAerea_Apellido_512,FuerzaAerea,Córdoba
300513,FuerzaAerea_Nombre_513,FuerzaAerea_Apellido_513,FuerzaAerea,Buenos Aires
300514,FuerzaAerea_Nombre_514,FuerzaAerea_Apellido_514,FuerzaAerea,Córdoba
300515,FuerzaAerea_Nombre_515,FuerzaAerea_Apellido_515,FuerzaAerea,Buenos Aires
300516,FuerzaAerea_Nombre_516,FuerzaAerea_Apellido_516,FuerzaAerea,Córdoba
300517,FuerzaAerea_Nombre_517,FuerzaAerea_Apellido_517,FuerzaAerea,Buenos Aires
300518,FuerzaAerea_Nombre_518,FuerzaAerea_Apellido_518,FuerzaAerea,Córdoba
300519,FuerzaAerea_Nombre_519,FuerzaAerea_Apellido_519,FuerzaAerea,Buenos Aires
300520,FuerzaAerea_Nombre_520,FuerzaAerea_Apellido_520,FuerzaAerea,Córdoba
300521,FuerzaAerea_Nombre_521,FuerzaAerea_Apellido_521,FuerzaAerea,Buenos Aires
300522,FuerzaAerea_Nombre_522,FuerzaAerea_Apellido_522,FuerzaAerea,Córdoba
300523,FuerzaAerea_Nombre_523,FuerzaAerea_Apellido_523,FuerzaAerea,Buenos Aires
300524,FuerzaAerea_Nombre_524,FuerzaAerea_Apellido_524,FuerzaAerea,Córdoba
300525,FuerzaAerea_Nombre_525,FuerzaAerea_Apellido_525,FuerzaAerea,Buenos Aires
300526,FuerzaAerea_Nombre_526,FuerzaAerea_Apellido_526,FuerzaAerea,Córdoba
300527,FuerzaAerea_Nombre_527,FuerzaAerea_Apellido_527,FuerzaAerea,Buenos Aires
300528,FuerzaAerea_Nombre_528,FuerzaAerea_Apellido_528,FuerzaAerea,Córdoba
300529,FuerzaAerea_Nombre_529,FuerzaAerea_Apellido_529,FuerzaAerea,Buenos Aires
300530,FuerzaAerea_Nombre_530,FuerzaAerea_Apellido_530,FuerzaAerea,Córdoba
300531,FuerzaAerea_Nombre_531,FuerzaAerea_Apellido_531,FuerzaAerea,Buenos Aires
300532,FuerzaAerea_Nombre_532,FuerzaAerea_Apellido_532,FuerzaAerea,Córdoba
300533,FuerzaAerea_Nombre_533,FuerzaAerea_Apellido_533,FuerzaAerea,Buenos Aires
300534,FuerzaAerea_Nombre_534,FuerzaAerea_Apellido_534,FuerzaAerea,Córdoba
300535,FuerzaAerea_Nombre_535,FuerzaAerea_Apellido_535,FuerzaAerea,Buenos Aires
300536,FuerzaAerea_Nombre_536,FuerzaAerea_Apellido_536,FuerzaAerea,Córdoba
300537,FuerzaAerea_Nombre_537,FuerzaAerea_Apellido_537,FuerzaAerea,Buenos Aires
300538,FuerzaAerea_Nombre_538,FuerzaAerea_Apellido_538,FuerzaAerea,Córdoba
300539,FuerzaAerea_Nombre_539,FuerzaAerea_Apellido_539,FuerzaAerea,Buenos Aires
300540,FuerzaAerea_Nombre_540,FuerzaAerea_Apellido_540,FuerzaAerea,Córdoba
300541,FuerzaAerea_Nombre_541,FuerzaAerea_Apellido_541,FuerzaAerea,Buenos Aires
300542,FuerzaAerea_Nombre_542,FuerzaAerea_Apellido_542,FuerzaAerea,Córdoba
300543,FuerzaAerea_Nombre_543,FuerzaAerea_Apellido_543,FuerzaAerea,Buenos Aires
300544,FuerzaAerea_Nombre_544,FuerzaAerea_Apellido_544,FuerzaAerea,Córdoba
300545,FuerzaAerea_Nombre_545,FuerzaAerea_Apellido_545,FuerzaAerea,Buenos Aires
300546,FuerzaAerea_Nombre_546,FuerzaAerea_Apellido_546,FuerzaAerea,Córdoba
300547,FuerzaAerea_Nombre_547,FuerzaAerea_Apellido_547,FuerzaAerea,Buenos Aires
300548,FuerzaAerea_Nombre_548,FuerzaAerea_Apellido_548,FuerzaAerea,Córdoba
300549,FuerzaAerea_Nombre_549,FuerzaAerea_Apellido_549,FuerzaAerea,Buenos Aires
300550,FuerzaAerea_Nombre_550,FuerzaAerea_Apellido_550,FuerzaAerea,Córdoba
300551,FuerzaAerea_Nombre_551,FuerzaAerea_Apellido_551,FuerzaAerea,Buenos Aires
300552,FuerzaAerea_Nombre_552,FuerzaAerea_Apellido_552,FuerzaAerea,Córdoba
300553,FuerzaAerea_Nombre_553,FuerzaAerea_Apellido_553,FuerzaAerea,Buenos Aires
300554,FuerzaAerea_Nombre_554,FuerzaAerea_Apellido_554,FuerzaAerea,Córdoba
300555,FuerzaAerea_Nombre_555,FuerzaAerea_Apellido_555,FuerzaAerea,Buenos Aires
300556,FuerzaAerea_Nombre_556,FuerzaAerea_Apellido_556,FuerzaAerea,Córdoba
300557,FuerzaAerea_Nombre_557,FuerzaAerea_Apellido_557,FuerzaAerea,Buenos Aires
300558,FuerzaAerea_Nombre_558,FuerzaAerea_Apellido_558,FuerzaAerea,Córdoba
300559,FuerzaAerea_Nombre_559,FuerzaAerea_Apellido_559,FuerzaAerea,Buenos Aires
300560,FuerzaAerea_Nombre_560,FuerzaAerea_Apellido_560,FuerzaAerea,Córdoba
300561,FuerzaAerea_Nombre_561,FuerzaAerea_Apellido_561,FuerzaAerea,Buenos Aires
300562,FuerzaAerea_Nombre_562,FuerzaAerea_Apellido_562,FuerzaAerea,Córdoba
300563,FuerzaAerea_Nombre_563,FuerzaAerea_Apellido_563,FuerzaAerea,Buenos Aires
300564,FuerzaAerea_Nombre_564,FuerzaAerea_Apellido_564,FuerzaAerea,Córdoba
300565,FuerzaAerea_Nombre_565,FuerzaAerea_Apellido_565,FuerzaAerea,Buenos Aires
300566,FuerzaAerea_Nombre_566,FuerzaAerea_Apellido_566,FuerzaAerea,Córdoba
300567,FuerzaAerea_Nombre_567,FuerzaAerea_Apellido_567,FuerzaAerea,Buenos Aires
300568,FuerzaAerea_Nombre_568,FuerzaAerea_Apellido_568,FuerzaAerea,Córdoba
300569,FuerzaAerea_Nombre_569,FuerzaAerea_Apellido_569,FuerzaAerea,Buenos Aires
300570,FuerzaAerea_Nombre_570,FuerzaAerea_Apellido_570,FuerzaAerea,Córdoba
300571,FuerzaAerea_Nombre_571,FuerzaAerea_Apellido_571,FuerzaAerea,Buenos Aires
300572,FuerzaAerea_Nombre_572,FuerzaAerea_Apellido_572,FuerzaAerea,Córdoba
300573,FuerzaAerea_Nombre_573,FuerzaAerea_Apellido_573,FuerzaAerea,Buenos Aires
300574,FuerzaAerea_Nombre_574,FuerzaAerea_Apellido_574,FuerzaAerea,Córdoba
300575,FuerzaAerea_Nombre_575,FuerzaAerea_Apellido_575,FuerzaAerea,Buenos Aires
300576,FuerzaAerea_Nombre_576,FuerzaAerea_Apellido_576,FuerzaAerea,Córdoba
300577,FuerzaAerea_Nombre_577,FuerzaAerea_Apellido_577,FuerzaAerea,Buenos Aires
300578,FuerzaAerea_Nombre_578,FuerzaAerea_Apellido_578,FuerzaAerea,Córdoba
300579,FuerzaAerea_Nombre_579,FuerzaAerea_Apellido_579,FuerzaAerea,Buenos Aires
300580,FuerzaAerea_Nombre_580,FuerzaAerea_Apellido_580,FuerzaAerea,Córdoba
300581,FuerzaAerea_Nombre_581,FuerzaAerea_Apellido_581,FuerzaAerea,Buenos Aires
300582,FuerzaAerea_Nombre_582,FuerzaAerea_Apellido_582,FuerzaAerea,Córdoba
300583,FuerzaAerea_Nombre_583,FuerzaAerea_Apellido_583,FuerzaAerea,Buenos Aires
300584,FuerzaAerea_Nombre_584,FuerzaAerea_Apellido_584,FuerzaAerea,Córdoba
300585,FuerzaAerea_Nombre_585,FuerzaAerea_Apellido_585,FuerzaAerea,Buenos Aires
300586,FuerzaAerea_Nombre_586,FuerzaAerea_Apellido_586,FuerzaAerea,Córdoba
300587,FuerzaAerea_Nombre_587,FuerzaAerea_Apellido_587,FuerzaAerea,Buenos Aires
300588,FuerzaAerea_Nombre_588,FuerzaAerea_Apellido_588,FuerzaAerea,Córdoba
300589,FuerzaAerea_Nombre_589,FuerzaAerea_Apellido_589,FuerzaAerea,Buenos Aires
300590,FuerzaAerea_Nombre_590,FuerzaAerea_Apellido_590,FuerzaAerea,Córdoba
300591,FuerzaAerea_Nombre_591,FuerzaAerea_Apellido_591,FuerzaAerea,Buenos Aires
300592,FuerzaAerea_Nombre_592,FuerzaAerea_Apellido_592,FuerzaAerea,Córdoba
300593,FuerzaAerea_Nombre_593,FuerzaAerea_Apellido_593,FuerzaAerea,Buenos Aires
300594,FuerzaAerea_Nombre_594,FuerzaAerea_Apellido_594,FuerzaAerea,Córdoba
300595,FuerzaAerea_Nombre_595,FuerzaAerea_Apellido_595,FuerzaAerea,Buenos Aires
300596,FuerzaAerea_Nombre_596,FuerzaAerea_Apellido_596,FuerzaAerea,Córdoba
300597,FuerzaAerea_Nombre_597,FuerzaAerea_Apellido_597,FuerzaAerea,Buenos Aires
300598,FuerzaAerea_Nombre_598,FuerzaAerea_Apellido_598,FuerzaAerea,Córdoba
300599,FuerzaAerea_Nombre_599,FuerzaAerea_Apellido_599,FuerzaAerea,Buenos Aires
300600,FuerzaAerea_Nombre_600,FuerzaAerea_Apellido_600,FuerzaAerea,Córdoba
300601,FuerzaAerea_Nombre_601,FuerzaAerea_Apellido_601,FuerzaAerea,Buenos Aires
300602,FuerzaAerea_Nombre_602,FuerzaAerea_Apellido_602,FuerzaAerea,Córdoba
300603,FuerzaAerea_Nombre_603,FuerzaAerea_Apellido_603,FuerzaAerea,Buenos Aires
300604,FuerzaAerea_Nombre_604,FuerzaAerea_Apellido_604,FuerzaAerea,Córdoba
300605,FuerzaAerea_Nombre_605,FuerzaAerea_Apellido_605,FuerzaAerea,Buenos Aires
300606,FuerzaAerea_Nombre_606,FuerzaAerea_Apellido_606,FuerzaAerea,Córdoba
300607,FuerzaAerea_Nombre_607,FuerzaAerea_Apellido_607,FuerzaAerea,Buenos Aires
300608,FuerzaAerea_Nombre_608,FuerzaAerea_Apellido_608,FuerzaAerea,Córdoba
300609,FuerzaAerea_Nombre_609,FuerzaAerea_Apellido_609,FuerzaAerea,Buenos Aires
300610,FuerzaAerea_Nombre_610,FuerzaAerea_Apellido_610,FuerzaAerea,Córdoba
300611,FuerzaAerea_Nombre_611,FuerzaAerea_Apellido_611,FuerzaAerea,Buenos Aires
300612,FuerzaAerea_Nombre_612,FuerzaAerea_Apellido_612,FuerzaAerea,Córdoba
300613,FuerzaAerea_Nombre_613,FuerzaAerea_Apellido_613,FuerzaAerea,Buenos Aires
300614,FuerzaAerea_Nombre_614,FuerzaAerea_Apellido_614,FuerzaAerea,Córdoba
300615,FuerzaAerea_Nombre_615,FuerzaAerea_Apellido_615,FuerzaAerea,Buenos Aires
300616,FuerzaAerea_Nombre_616,FuerzaAerea_Apellido_616,FuerzaAerea,Córdoba
300617,FuerzaAerea_Nombre_617,FuerzaAerea_Apellido_617,FuerzaAerea,Buenos Aires
300618,FuerzaAerea_Nombre_618,FuerzaAerea_Apellido_618,FuerzaAerea,Córdoba
300619,FuerzaAerea_Nombre_619,FuerzaAerea_Apellido_619,FuerzaAerea,Buenos Aires
300620,FuerzaAerea_Nombre_620,FuerzaAerea_Apellido_620,FuerzaAerea,Córdoba
300621,FuerzaAerea_Nombre_621,FuerzaAerea_Apellido_621,FuerzaAerea,Buenos Aires
300622,FuerzaAerea_Nombre_622,FuerzaAerea_Apellido_622,FuerzaAerea,Córdoba
300623,FuerzaAerea_Nombre_623,FuerzaAerea_Apellido_623,FuerzaAerea,Buenos Aires
300624,FuerzaAerea_Nombre_624,FuerzaAerea_Apellido_624,FuerzaAerea,Córdoba
300625,FuerzaAerea_Nombre_625,FuerzaAerea_Apellido_625,FuerzaAerea,Buenos Aires
300626,FuerzaAerea_Nombre_626,FuerzaAerea_Apellido_626,FuerzaAerea,Córdoba
300627,FuerzaAerea_Nombre_627,FuerzaAerea_Apellido_627,FuerzaAerea,Buenos Aires
300628,FuerzaAerea_Nombre_628,FuerzaAerea_Apellido_628,FuerzaAerea,Córdoba
300629,FuerzaAerea_Nombre_629,FuerzaAerea_Apellido_629,FuerzaAerea,Buenos Aires
300630,FuerzaAerea_Nombre_630,FuerzaAerea_Apellido_630,FuerzaAerea,Córdoba
300631,FuerzaAerea_Nombre_631,FuerzaAerea_Apellido_631,FuerzaAerea,Buenos Aires
300632,FuerzaAerea_Nombre_632,FuerzaAerea_Apellido_632,FuerzaAerea,Córdoba
300633,FuerzaAerea_Nombre_633,FuerzaAerea_Apellido_633,FuerzaAerea,Buenos Aires
300634,FuerzaAerea_Nombre_634,FuerzaAerea_Apellido_634,FuerzaAerea,Córdoba
300635,FuerzaAerea_Nombre_635,FuerzaAerea_Apellido_635,FuerzaAerea,Buenos Aires
300636,FuerzaAerea_Nombre_636,FuerzaAerea_Apellido_636,FuerzaAerea,Córdoba
300637,FuerzaAerea_Nombre_637,FuerzaAerea_Apellido_637,FuerzaAerea,Buenos Aires
300638,FuerzaAerea_Nombre_638,FuerzaAerea_Apellido_638,FuerzaAerea,Córdoba
300639,FuerzaAerea_Nombre_639,FuerzaAerea_Apellido_639,FuerzaAerea,Buenos Aires
300640,FuerzaAerea_Nombre_640,FuerzaAerea_Apellido_640,FuerzaAerea,Córdoba
300641,FuerzaAerea_Nombre_641,FuerzaAerea_Apellido_641,FuerzaAerea,Buenos Aires
300642,FuerzaAerea_Nombre_642,FuerzaAerea_Apellido_642,FuerzaAerea,Córdoba
300643,FuerzaAerea_Nombre_643,FuerzaAerea_Apellido_643,FuerzaAerea,Buenos Aires
300644,FuerzaAerea_Nombre_644,FuerzaAerea_Apellido_644,FuerzaAerea,Córdoba
300645,FuerzaAerea_Nombre_645,FuerzaAerea_Apellido_645,FuerzaAerea,Buenos Aires
300646,FuerzaAerea_Nombre_646,FuerzaAerea_Apellido_646,FuerzaAerea,Córdoba
300647,FuerzaAerea_Nombre_647,FuerzaAerea_Apellido_647,FuerzaAerea,Buenos Aires
300648,FuerzaAerea_Nombre_648,FuerzaAerea_Apellido_648,FuerzaAerea,Córdoba
300649,FuerzaAerea_Nombre_649,FuerzaAerea_Apellido_649,FuerzaAerea,Buenos Aires
